{
  "by_name": {
    "$primary": {
      "name": "$primary",
      "value": "$turquoise",
      "type": "variable",
      "computed_type": "color",
      "computed_value": "hsl(171, 100%, 41%)"
    },
    "$info": {
      "name": "$info",
      "value": "$cyan",
      "type": "variable",
      "computed_type": "color",
      "computed_value": "hsl(204, 86%,  53%)"
    },
    "$success": {
      "name": "$success",
      "value": "$green",
      "type": "variable",
      "computed_type": "color",
      "computed_value": "hsl(141, 71%,  48%)"
    },
    "$warning": {
      "name": "$warning",
      "value": "$yellow",
      "type": "variable",
      "computed_type": "color",
      "computed_value": "hsl(48,  100%, 67%)"
    },
    "$danger": {
      "name": "$danger",
      "value": "$red",
      "type": "variable",
      "computed_type": "color",
      "computed_value": "hsl(348, 100%, 61%)"
    },
    "$light": {
      "name": "$light",
      "value": "$white-ter",
      "type": "variable",
      "computed_type": "color",
      "computed_value": "hsl(0, 0%, 96%)"
    },
    "$dark": {
      "name": "$dark",
      "value": "$grey-darker",
      "type": "variable",
      "computed_type": "color",
      "computed_value": "hsl(0, 0%, 21%)"
    },
    "$orange-invert": {
      "name": "$orange-invert",
      "value": "findColorInvert($orange)",
      "type": "function",
      "computed_type": "color",
      "computed_value": "#fff"
    },
    "$yellow-invert": {
      "name": "$yellow-invert",
      "value": "findColorInvert($yellow)",
      "type": "function",
      "computed_type": "color",
      "computed_value": "rgba(0, 0, 0, 0.7)"
    },
    "$green-invert": {
      "name": "$green-invert",
      "value": "findColorInvert($green)",
      "type": "function",
      "computed_type": "color",
      "computed_value": "#fff"
    },
    "$turquoise-invert": {
      "name": "$turquoise-invert",
      "value": "findColorInvert($turquoise)",
      "type": "function",
      "computed_type": "color",
      "computed_value": "#fff"
    },
    "$cyan-invert": {
      "name": "$cyan-invert",
      "value": "findColorInvert($cyan)",
      "type": "function",
      "computed_type": "color",
      "computed_value": "#fff"
    },
    "$blue-invert": {
      "name": "$blue-invert",
      "value": "findColorInvert($blue)",
      "type": "function",
      "computed_type": "color",
      "computed_value": "#fff"
    },
    "$purple-invert": {
      "name": "$purple-invert",
      "value": "findColorInvert($purple)",
      "type": "function",
      "computed_type": "color",
      "computed_value": "#fff"
    },
    "$red-invert": {
      "name": "$red-invert",
      "value": "findColorInvert($red)",
      "type": "function",
      "computed_type": "color",
      "computed_value": "#fff"
    },
    "$primary-invert": {
      "name": "$primary-invert",
      "value": "$turquoise-invert",
      "type": "variable",
      "computed_type": "color",
      "computed_value": "#fff"
    },
    "$info-invert": {
      "name": "$info-invert",
      "value": "$cyan-invert",
      "type": "variable",
      "computed_type": "color",
      "computed_value": "#fff"
    },
    "$success-invert": {
      "name": "$success-invert",
      "value": "$green-invert",
      "type": "variable",
      "computed_type": "color",
      "computed_value": "#fff"
    },
    "$warning-invert": {
      "name": "$warning-invert",
      "value": "$yellow-invert",
      "type": "variable",
      "computed_type": "color",
      "computed_value": "rgba(0, 0, 0, 0.7)"
    },
    "$danger-invert": {
      "name": "$danger-invert",
      "value": "$red-invert",
      "type": "variable",
      "computed_type": "color",
      "computed_value": "#fff"
    },
    "$light-invert": {
      "name": "$light-invert",
      "value": "$dark",
      "type": "variable",
      "computed_type": "color",
      "computed_value": "hsl(0, 0%, 21%)"
    },
    "$dark-invert": {
      "name": "$dark-invert",
      "value": "$light",
      "type": "variable",
      "computed_type": "color",
      "computed_value": "hsl(0, 0%, 96%)"
    },
    "$background": {
      "name": "$background",
      "value": "$white-ter",
      "type": "variable",
      "computed_type": "color",
      "computed_value": "hsl(0, 0%, 96%)"
    },
    "$border": {
      "name": "$border",
      "value": "$grey-lighter",
      "type": "variable",
      "computed_type": "color",
      "computed_value": "hsl(0, 0%, 86%)"
    },
    "$border-hover": {
      "name": "$border-hover",
      "value": "$grey-light",
      "type": "variable",
      "computed_type": "color",
      "computed_value": "hsl(0, 0%, 71%)"
    },
    "$text": {
      "name": "$text",
      "value": "$grey-dark",
      "type": "variable",
      "computed_type": "color",
      "computed_value": "hsl(0, 0%, 29%)"
    },
    "$text-invert": {
      "name": "$text-invert",
      "value": "findColorInvert($text)",
      "type": "function",
      "computed_type": "color",
      "computed_value": "#fff"
    },
    "$text-light": {
      "name": "$text-light",
      "value": "$grey",
      "type": "variable",
      "computed_type": "color",
      "computed_value": "hsl(0, 0%, 48%)"
    },
    "$text-strong": {
      "name": "$text-strong",
      "value": "$grey-darker",
      "type": "variable",
      "computed_type": "color",
      "computed_value": "hsl(0, 0%, 21%)"
    },
    "$code": {
      "name": "$code",
      "value": "$red",
      "type": "variable",
      "computed_type": "color",
      "computed_value": "hsl(348, 100%, 61%)"
    },
    "$code-background": {
      "name": "$code-background",
      "value": "$background",
      "type": "variable",
      "computed_type": "color",
      "computed_value": "hsl(0, 0%, 96%)"
    },
    "$pre": {
      "name": "$pre",
      "value": "$text",
      "type": "variable",
      "computed_type": "color",
      "computed_value": "hsl(0, 0%, 29%)"
    },
    "$pre-background": {
      "name": "$pre-background",
      "value": "$background",
      "type": "variable",
      "computed_type": "color",
      "computed_value": "hsl(0, 0%, 96%)"
    },
    "$link": {
      "name": "$link",
      "value": "$blue",
      "type": "variable",
      "computed_type": "color",
      "computed_value": "hsl(217, 71%,  53%)"
    },
    "$link-invert": {
      "name": "$link-invert",
      "value": "$blue-invert",
      "type": "variable",
      "computed_type": "color",
      "computed_value": "#fff"
    },
    "$link-visited": {
      "name": "$link-visited",
      "value": "$purple",
      "type": "variable",
      "computed_type": "color",
      "computed_value": "hsl(271, 100%, 71%)"
    },
    "$link-hover": {
      "name": "$link-hover",
      "value": "$grey-darker",
      "type": "variable",
      "computed_type": "color",
      "computed_value": "hsl(0, 0%, 21%)"
    },
    "$link-hover-border": {
      "name": "$link-hover-border",
      "value": "$grey-light",
      "type": "variable",
      "computed_type": "color",
      "computed_value": "hsl(0, 0%, 71%)"
    },
    "$link-focus": {
      "name": "$link-focus",
      "value": "$grey-darker",
      "type": "variable",
      "computed_type": "color",
      "computed_value": "hsl(0, 0%, 21%)"
    },
    "$link-focus-border": {
      "name": "$link-focus-border",
      "value": "$blue",
      "type": "variable",
      "computed_type": "color",
      "computed_value": "hsl(217, 71%,  53%)"
    },
    "$link-active": {
      "name": "$link-active",
      "value": "$grey-darker",
      "type": "variable",
      "computed_type": "color",
      "computed_value": "hsl(0, 0%, 21%)"
    },
    "$link-active-border": {
      "name": "$link-active-border",
      "value": "$grey-dark",
      "type": "variable",
      "computed_type": "color",
      "computed_value": "hsl(0, 0%, 29%)"
    },
    "$family-primary": {
      "name": "$family-primary",
      "value": "$family-sans-serif",
      "type": "variable",
      "computed_type": "font-family",
      "computed_value": "BlinkMacSystemFont, -apple-system, \"Segoe UI\", \"Roboto\", \"Oxygen\", \"Ubuntu\", \"Cantarell\", \"Fira Sans\", \"Droid Sans\", \"Helvetica Neue\", \"Helvetica\", \"Arial\", sans-serif"
    },
    "$family-secondary": {
      "name": "$family-secondary",
      "value": "$family-sans-serif",
      "type": "variable",
      "computed_type": "font-family",
      "computed_value": "BlinkMacSystemFont, -apple-system, \"Segoe UI\", \"Roboto\", \"Oxygen\", \"Ubuntu\", \"Cantarell\", \"Fira Sans\", \"Droid Sans\", \"Helvetica Neue\", \"Helvetica\", \"Arial\", sans-serif"
    },
    "$family-code": {
      "name": "$family-code",
      "value": "$family-monospace",
      "type": "variable",
      "computed_type": "font-family",
      "computed_value": "monospace"
    },
    "$size-small": {
      "name": "$size-small",
      "value": "$size-7",
      "type": "variable",
      "computed_type": "size",
      "computed_value": "0.75rem"
    },
    "$size-normal": {
      "name": "$size-normal",
      "value": "$size-6",
      "type": "variable",
      "computed_type": "size",
      "computed_value": "1rem"
    },
    "$size-medium": {
      "name": "$size-medium",
      "value": "$size-5",
      "type": "variable",
      "computed_type": "size",
      "computed_value": "1.25rem"
    },
    "$size-large": {
      "name": "$size-large",
      "value": "$size-4",
      "type": "variable",
      "computed_type": "size",
      "computed_value": "1.5rem"
    },
    "$custom-colors": {
      "name": "$custom-colors",
      "value": "null",
      "type": "keyword"
    },
    "$custom-shades": {
      "name": "$custom-shades",
      "value": "null",
      "type": "keyword"
    },
    "$colors": {
      "name": "$colors",
      "value": "mergeColorMaps((\"white\": ($white, $black), \"black\": ($black, $white), \"light\": ($light, $light-invert), \"dark\": ($dark, $dark-invert), \"primary\": ($primary, $primary-invert), \"link\": ($link, $link-invert), \"info\": ($info, $info-invert), \"success\": ($success, $success-invert), \"warning\": ($warning, $warning-invert), \"danger\": ($danger, $danger-invert)), $custom-colors)",
      "type": "function"
    },
    "$shades": {
      "name": "$shades",
      "value": "mergeColorMaps((\"black-bis\": $black-bis, \"black-ter\": $black-ter, \"grey-darker\": $grey-darker, \"grey-dark\": $grey-dark, \"grey\": $grey, \"grey-light\": $grey-light, \"grey-lighter\": $grey-lighter, \"white-ter\": $white-ter, \"white-bis\": $white-bis), $custom-shades)",
      "type": "function"
    },
    "$sizes": {
      "name": "$sizes",
      "value": "$size-1 $size-2 $size-3 $size-4 $size-5 $size-6 $size-7",
      "type": "map"
    }
  },
  "list": [
    "$primary",
    "$info",
    "$success",
    "$warning",
    "$danger",
    "$light",
    "$dark",
    "$orange-invert",
    "$yellow-invert",
    "$green-invert",
    "$turquoise-invert",
    "$cyan-invert",
    "$blue-invert",
    "$purple-invert",
    "$red-invert",
    "$primary-invert",
    "$info-invert",
    "$success-invert",
    "$warning-invert",
    "$danger-invert",
    "$light-invert",
    "$dark-invert",
    "$background",
    "$border",
    "$border-hover",
    "$text",
    "$text-invert",
    "$text-light",
    "$text-strong",
    "$code",
    "$code-background",
    "$pre",
    "$pre-background",
    "$link",
    "$link-invert",
    "$link-visited",
    "$link-hover",
    "$link-hover-border",
    "$link-focus",
    "$link-focus-border",
    "$link-active",
    "$link-active-border",
    "$family-primary",
    "$family-secondary",
    "$family-code",
    "$size-small",
    "$size-normal",
    "$size-medium",
    "$size-large",
    "$custom-colors",
    "$custom-shades",
    "$colors",
    "$shades",
    "$sizes"
  ],
  "file_path": "utilities/derived-variables.sass"
}