{
  "by_name": {
    "$card-color": {
      "name": "$card-color",
      "value": "$text",
      "type": "variable",
      "computed_type": "color",
      "computed_value": "hsl(0, 0%, 29%)"
    },
    "$card-background-color": {
      "name": "$card-background-color",
      "value": "$white",
      "type": "variable",
      "computed_type": "color",
      "computed_value": "hsl(0, 0%, 100%)"
    },
    "$card-shadow": {
      "name": "$card-shadow",
      "value": "0 2px 3px rgba($black, 0.1), 0 0 0 1px rgba($black, 0.1)",
      "type": "size"
    },
    "$card-header-background-color": {
      "name": "$card-header-background-color",
      "value": "transparent",
      "type": "string"
    },
    "$card-header-color": {
      "name": "$card-header-color",
      "value": "$text-strong",
      "type": "variable",
      "computed_type": "color",
      "computed_value": "hsl(0, 0%, 21%)"
    },
    "$card-header-shadow": {
      "name": "$card-header-shadow",
      "value": "0 1px 2px rgba($black, 0.1)",
      "type": "size"
    },
    "$card-header-weight": {
      "name": "$card-header-weight",
      "value": "$weight-bold",
      "type": "variable",
      "computed_type": "font-weight",
      "computed_value": "700"
    },
    "$card-content-background-color": {
      "name": "$card-content-background-color",
      "value": "transparent",
      "type": "string"
    },
    "$card-footer-background-color": {
      "name": "$card-footer-background-color",
      "value": "transparent",
      "type": "string"
    },
    "$card-footer-border-top": {
      "name": "$card-footer-border-top",
      "value": "1px solid $border",
      "type": "size"
    }
  },
  "list": [
    "$card-color",
    "$card-background-color",
    "$card-shadow",
    "$card-header-background-color",
    "$card-header-color",
    "$card-header-shadow",
    "$card-header-weight",
    "$card-content-background-color",
    "$card-footer-background-color",
    "$card-footer-border-top"
  ],
  "file_path": "components/card.sass"
}