{
  "by_name": {
    "$pagination-color": {
      "name": "$pagination-color",
      "value": "$grey-darker",
      "type": "variable",
      "computed_type": "color",
      "computed_value": "hsl(0, 0%, 21%)"
    },
    "$pagination-border-color": {
      "name": "$pagination-border-color",
      "value": "$grey-lighter",
      "type": "variable",
      "computed_type": "color",
      "computed_value": "hsl(0, 0%, 86%)"
    },
    "$pagination-margin": {
      "name": "$pagination-margin",
      "value": "-0.25rem",
      "type": "size"
    },
    "$pagination-min-width": {
      "name": "$pagination-min-width",
      "value": "$control-height",
      "type": "variable"
    },
    "$pagination-hover-color": {
      "name": "$pagination-hover-color",
      "value": "$link-hover",
      "type": "variable",
      "computed_type": "color",
      "computed_value": "hsl(0, 0%, 21%)"
    },
    "$pagination-hover-border-color": {
      "name": "$pagination-hover-border-color",
      "value": "$link-hover-border",
      "type": "variable",
      "computed_type": "color",
      "computed_value": "hsl(0, 0%, 71%)"
    },
    "$pagination-focus-color": {
      "name": "$pagination-focus-color",
      "value": "$link-focus",
      "type": "variable",
      "computed_type": "color",
      "computed_value": "hsl(0, 0%, 21%)"
    },
    "$pagination-focus-border-color": {
      "name": "$pagination-focus-border-color",
      "value": "$link-focus-border",
      "type": "variable",
      "computed_type": "color",
      "computed_value": "hsl(217, 71%,  53%)"
    },
    "$pagination-active-color": {
      "name": "$pagination-active-color",
      "value": "$link-active",
      "type": "variable",
      "computed_type": "color",
      "computed_value": "hsl(0, 0%, 21%)"
    },
    "$pagination-active-border-color": {
      "name": "$pagination-active-border-color",
      "value": "$link-active-border",
      "type": "variable",
      "computed_type": "color",
      "computed_value": "hsl(0, 0%, 29%)"
    },
    "$pagination-disabled-color": {
      "name": "$pagination-disabled-color",
      "value": "$grey",
      "type": "variable",
      "computed_type": "color",
      "computed_value": "hsl(0, 0%, 48%)"
    },
    "$pagination-disabled-background-color": {
      "name": "$pagination-disabled-background-color",
      "value": "$grey-lighter",
      "type": "variable",
      "computed_type": "color",
      "computed_value": "hsl(0, 0%, 86%)"
    },
    "$pagination-disabled-border-color": {
      "name": "$pagination-disabled-border-color",
      "value": "$grey-lighter",
      "type": "variable",
      "computed_type": "color",
      "computed_value": "hsl(0, 0%, 86%)"
    },
    "$pagination-current-color": {
      "name": "$pagination-current-color",
      "value": "$link-invert",
      "type": "variable",
      "computed_type": "color",
      "computed_value": "#fff"
    },
    "$pagination-current-background-color": {
      "name": "$pagination-current-background-color",
      "value": "$link",
      "type": "variable",
      "computed_type": "color",
      "computed_value": "hsl(217, 71%,  53%)"
    },
    "$pagination-current-border-color": {
      "name": "$pagination-current-border-color",
      "value": "$link",
      "type": "variable",
      "computed_type": "color",
      "computed_value": "hsl(217, 71%,  53%)"
    },
    "$pagination-ellipsis-color": {
      "name": "$pagination-ellipsis-color",
      "value": "$grey-light",
      "type": "variable",
      "computed_type": "color",
      "computed_value": "hsl(0, 0%, 71%)"
    }
  },
  "list": [
    "$pagination-color",
    "$pagination-border-color",
    "$pagination-margin",
    "$pagination-min-width",
    "$pagination-hover-color",
    "$pagination-hover-border-color",
    "$pagination-focus-color",
    "$pagination-focus-border-color",
    "$pagination-active-color",
    "$pagination-active-border-color",
    "$pagination-disabled-color",
    "$pagination-disabled-background-color",
    "$pagination-disabled-border-color",
    "$pagination-current-color",
    "$pagination-current-background-color",
    "$pagination-current-border-color",
    "$pagination-ellipsis-color"
  ],
  "file_path": "components/pagination.sass"
}