{
  "by_name": {
    "$section-padding": {
      "name": "$section-padding",
      "value": "3rem 1.5rem",
      "type": "size"
    },
    "$section-padding-medium": {
      "name": "$section-padding-medium",
      "value": "9rem 1.5rem",
      "type": "size"
    },
    "$section-padding-large": {
      "name": "$section-padding-large",
      "value": "18rem 1.5rem",
      "type": "size"
    }
  },
  "list": [
    "$section-padding",
    "$section-padding-medium",
    "$section-padding-large"
  ],
  "file_path": "layout/section.sass"
}