{
  "title": "Bulma: Free, open source, & modern CSS framework based on Flexbox",
  "description": "Bulma is a free, open source CSS framework based on Flexbox and built with Sass. It's 100% responsive, fully modular, and available for free.",
  "documentation": "/documentation",
  "download": "https://github.com/jgthms/bulma/releases/download/0.7.4/bulma-0.7.4.zip",
  "github": "https://github.com/jgthms/bulma",
  "twitter": "https://twitter.com/jgthms",
  "version": "0.7.4",
  "book_url": "https://bleedingedgepress.com/creating-interfaces-bulma/",
  "book_amazon": "https://www.amazon.com/Creating-Interfaces-Bulma-Jeremy-Thomas-ebook/dp/B079M1BJG4/",
  "book_sample": "http://www.bleedingedgepress.com/book_excerpts/01E9D1/creating_interfaces_with_bulma_sample.pdf",
  "scrimba_url": "https://scrimba.com/g/gbulma"
}
