{
  "by_id": {
    "themeisle": {
      "name": "themeisle",
      "url": "https://themeisle.com/",
      "width":"160",
      "height":"40"
    },
    "tooltwist": {
      "name": "tooltwist",
      "url": "http://tooltwist.com/",
      "width":"160",
      "height":"51"
    },
    "dontpayfull": {
      "name": "DontPayFull",
      "url": "https://www.dontpayfull.com/",
      "blend": true,
      "width":"120",
      "height":"60"
    },
    "devsquad": {
      "name": "DevSquad",
      "url": "https://devsquad.com/",
      "width":"140",
      "height":"31"
    },
    "hebergeurweb": {
      "name": "HebergeurWeb.ca",
      "url": "https://www.hebergeurweb.ca/",
      "width":"41",
      "height":"40"
    },
    "vpsserver": {
      "name": "VPS Server",
      "url": "https://www.vpsserver.com/",
      "width":"125",
      "height":"31"
    },
    "yakaz": {
      "name": "Yakaz",
      "url": "https://yakaz.com/",
      "width":"100",
      "height":"50",
      "follow": true
    }
  },
  "home": [
    "themeisle",
    "tooltwist",
    "dontpayfull",
    "devsquad",
    "hebergeurweb",
    "vpsserver"
  ],
  "footer": []
}
